Frame,MainJoint_X,MainJoint_Y,MainJoint_Z,Angle,AngularVelocity,AngularAcceleration,ForceVector_X,ForceVector_Y,ForceVector_Z
1,971.6496,626.9014,0.3074095,116.4313,0.2121,13.7240,42.9927,-0.7159,-2.5040
2,984.1053,627.0889,0.5196764,109.2345
3,996.3712,627.1674,0.3539508,111.5861
4,1008.169,627.0831,0.05586321,116.6222
