Frame,MainJoint_X,MainJoint_Y,MainJoint_Z,Angle,AngularVelocity,AngularAcceleration,ForceVector_X,ForceVector_Y,ForceVector_Z
1,0.6257324,3.857361,0.3074095,116.4369,0.2059,13.7493,8.5671,-0.7159,-2.5040
2,3.786499,4.044861,0.5196764,109.2345
3,6.757446,4.123291,0.3539508,111.5798
4,9.260376,4.039063,0.05586315,116.6222
