Frame,MainJoint_X,MainJoint_Y,MainJoint_Z,Angle,AngularVelocity,AngularAcceleration,ForceVector_X,ForceVector_Y,ForceVector_Z
1,971.7079,626.8544,0.2692569,104.6559,4.8230,16.2871,57.3118,-0.3701,-2.0625
2,984.1415,627.0401,0.4739591,97.07967
3,996.364,627.1337,0.3061135,99.40368
4,1008.135,627.101,0.0011624,104.4696
5,1020.05,627.0742,-0.1661571,110.8294
